<?xml version="1.0" encoding="UTF-8"?>
<ram-component manifest-version="2.0"
               name="JavaDesigner" version="0" release="0" clevel="0">
    <description>
        <![CDATA[]]>
    </description>
    <dependencies>
    </dependencies>
    <contributors>
    </contributors>
    <metamodels>
      <metamodel name="Standard" version="1.0.9026"/>
    </metamodels>
    <roots>
      <root metaclass="ModuleComponent" name="JavaDesigner" uuid="003800a8-0000-022e-0000-000000000000"></root>
    </roots>
</ram-component>